"","x"
"1",405.24
"2",409.28
"3",407.26
"4",402.16
"5",404.58
"6",407.28
"7",405.47
"8",413.83
"9",406.41
"10",404.73
"11",408.54
"12",408.79
"13",412.6
"14",398.33
"15",407.94
"16",410.13
"17",413.92
"18",402.15
"19",370.26
"20",409.69
"21",384.91
"22",408.3
"23",396.3
"24",409.41
"25",403.25
"26",382.95
"27",405.81
"28",411.12
"29",376.48
"30",409.28
"31",404.91
"32",389.21
"33",405.55
"34",402.98
"35",396.62
"36",341.82
"37",410.66
"38",403.07
"39",409.49
"40",408.35
"41",405.53
"42",414.52
"43",405.92
"44",405.28
"45",394.32
"46",412.64
"47",406.12
"48",413.01
"49",409.06
"50",407.37
"51",398.46
"52",408.89
"53",411.69
"54",417.37
"55",404.29
"56",409.57
"57",394.75
"58",410.09
"59",400.82
"60",405.81
"61",407.26
"62",410.42
"63",403.07
"64",407.83
"65",410.69
"66",414
"67",408.89
"68",414.29
"69",410.56
"70",405.09
"71",410.79
"72",394.26
"73",406.74
"74",410.79
"75",409.34
"76",409.42
"77",408.46
"78",399.28
"79",401.13
"80",410.46
"81",406.88
"82",406.14
"83",411.31
"84",415.03
"85",405.55
"86",413.32
"87",408.24
"88",411.44
"89",410.69
"90",412.91
"91",411.76
"92",406.14
"93",407.05
"94",397.17
"95",410.18
"96",327.65
"97",406.26
"98",410.43
"99",400.85
"100",410.54
"101",403.35
"102",408.78
"103",416.4
"104",407.83
"105",413.01
"106",406.83
"107",406.08
"108",399.67
"109",406.15
"110",409.38
"111",402.15
"112",414.68
"113",409.19
"114",411.42
"115",411.28
"116",410.33
"117",408.26
"118",410.57
"119",407.02
"120",402.49
"121",410.02
"122",409.49
"123",400.54
"124",406.7
"125",404.23
"126",412.5
"127",403.88
"128",402.21
"129",404.52
"130",410.6
"131",390.34
"132",59.79
"133",404.36
"134",404.9
"135",407.19
"136",409.29
"137",407.01
"138",392.46
"139",410.2
"140",45.13
"141",391.54
"142",403.8
"143",409.12
"144",407.76
"145",408.93
"146",400.83
"147",401.87
"148",412.33
"149",407.08
"150",398.15
"151",410.01
"152",408.55
"153",87.18
"154",406.19
"155",405.03
"156",396.4
"157",407.13
"158",401.66
"159",400.87
"160",398.31
"161",396.86
"162",408.12
"163",405.97
"164",411.38
"165",409.54
"166",400.82
"167",414.25
"168",407.67
"169",411.84
"170",408.87
"171",406.81
"172",410.2
"173",411.24
"174",408.03
"175",413.01
"176",406.37
"177",407.38
"178",408.1
"179",398.98
"180",405.19
"181",407.55
"182",409.59
"183",401.58
"184",407.46
"185",409.56
"186",403.79
"187",397.67
"188",405.23
"189",407.16
"190",398.14
"191",396.25
"192",408.74
"193",404.84
"194",407.62
"195",410.52
"196",412.28
"197",410.55
"198",401.6
"199",413.89
"200",407.8
"201",411.27
"202",405.52
"203",405.1
"204",410.24
"205",412.06
"206",407.12
"207",408.71
"208",408.71
"209",418.76
"210",410.23
"211",404.92
"212",405.05
"213",409.96
"214",411.04
"215",400.68
"216",406.16
"217",413.47
"218",398.13
"219",405.71
"220",398.7
"221",407.6
"222",409.87
"223",408.92
"224",410.97
"225",411.33
"226",401.55
"227",420.79
"228",403.58
"229",366.4
"230",409.08
"231",414.38
"232",413.83
"233",411.05
"234",405.4
"235",404.32
"236",395.92
"237",413.38
"238",394.94
"239",410.71
"240",386.52
"241",404.36
"242",395.41
"243",404.84
"244",406.82
"245",406.72
"246",405.24
"247",409.15
"248",399.92
"249",403.56
"250",408.17
"251",404.95
"252",407.32
"253",411.01
"254",407.89
"255",406.23
"256",407.61
"257",376.65
"258",388.34
"259",417.4
"260",376.72
"261",408.98
"262",406.74
"263",344
"264",404.55
"265",409.72
"266",402.11
"267",410.86
"268",-565.24
"269",408.93
"270",405.41
"271",411.12
"272",408.27
"273",411.53
"274",408.38
"275",407.39
"276",414.21
"277",407.59
"278",404.15
"279",395.69
"280",398.05
"281",412.02
"282",369.46
"283",405.72
"284",407.68
"285",413.05
"286",403.49
"287",408.54
"288",404.55
"289",407.63
"290",408.38
"291",408.65
"292",396.27
"293",406.57
"294",411.75
"295",405.37
"296",407.25
"297",407.46
"298",371.95
"299",401.65
"300",415.98
"301",409.88
"302",379.82
"303",402.49
"304",410.09
"305",409.31
"306",410.51
"307",410.23
"308",405.68
"309",410.12
"310",411.64
"311",409.32
"312",413.4
"313",405.4
"314",406.95
"315",374.83
"316",409.67
"317",407.13
"318",406.03
"319",397.72
"320",406.89
"321",410.74
"322",388.02
"323",405.54
"324",408.72
"325",409.1
"326",412.85
"327",-60.42
"328",408.38
"329",410.32
"330",377.44
"331",318.09
"332",393.2
"333",416.49
"334",409.99
"335",407.38
"336",403.67
"337",410.34
"338",407.03
"339",402.78
"340",409.13
"341",398.24
"342",399.32
"343",408.89
"344",405.23
"345",408.35
"346",408.88
"347",400.41
"348",409.76
"349",398.32
"350",409.76
"351",410.85
"352",404.91
"353",407.07
"354",410.52
"355",408.46
"356",397.36
"357",409.65
"358",409.17
"359",414.21
"360",409.44
"361",412.85
"362",409.4
"363",405.84
"364",409.39
"365",402.16
"366",408.03
"367",413.33
"368",408.18
"369",406.37
"370",410.11
"371",381.26
"372",413.73
"373",406.99
"374",402.09
"375",406.25
"376",413.61
"377",412.47
"378",413.12
"379",401.73
"380",410.22
"381",408.63
"382",406.61
"383",399.38
"384",410.67
"385",409.27
"386",418.88
"387",407.6
"388",403.78
"389",411.55
"390",400.48
"391",409.44
"392",411.52
"393",410.35
"394",409.73
"395",409.21
"396",403.5
"397",392.11
"398",380.82
"399",404.16
"400",393.89
"401",405.58
"402",414.36
"403",405.51
"404",396.32
"405",403.48
"406",415.26
"407",405.84
"408",408.23
"409",389.27
"410",399.29
"411",410.41
"412",410.39
"413",408.6
"414",408.44
"415",413.31
"416",408.16
"417",409.7
"418",404.01
"419",324.58
"420",405.77
"421",406.69
"422",405.73
"423",410.26
"424",409.41
"425",405.26
"426",407.88
"427",405.78
"428",404.57
"429",409.06
"430",410.97
"431",414.46
"432",406.55
"433",398.2
"434",403.61
"435",412.57
"436",406.87
"437",414.05
"438",401.06
"439",387.12
"440",406.27
"441",407.34
"442",407.29
"443",410.5
"444",406.32
"445",382.5
"446",373.8
"447",401.66
"448",408.89
"449",413.2
"450",408
"451",407.73
"452",405.27
"453",404.61
"454",409.83
"455",77.41
"456",406.93
"457",403.53
"458",405.82
"459",401.9
"460",405.88
"461",406.04
"462",410.06
"463",400.69
"464",417.27
"465",411.6
"466",409.86
"467",405.53
"468",400.29
"469",410.76
"470",406.26
"471",408.13
"472",405.12
"473",406.12
"474",411.47
"475",350.18
"476",404.81
"477",412.58
"478",409.22
"479",401.25
"480",409.67
"481",413.27
"482",408.46
"483",414.03
"484",407.43
"485",400.95
"486",-705.85
"487",416.64
"488",407.16
"489",405.05
"490",405.31
"491",405.84
"492",399.77
"493",408.73
"494",407.47
"495",409.58
"496",409.75
"497",409.95
"498",200.29
"499",407.9
"500",410.13
"501",401.56
"502",414.05
"503",415.22
"504",394.76
"505",409.73
"506",417.38
"507",411.23
"508",401.34
"509",405.68
"510",411.33
"511",404.55
"512",409.86
"513",409.87
"514",407.31
"515",406.96
"516",387.34
"517",409.32
"518",380.52
"519",406.36
"520",405.03
"521",404.92
"522",414.4
"523",404.48
"524",405.02
"525",399.68
"526",404.02
"527",407.61
"528",405.36
"529",410.96
"530",412.05
"531",411.11
"532",406.09
"533",-766.41
"534",410.12
"535",410.26
"536",398.7
"537",410.96
"538",406.8
"539",415.94
"540",401.96
"541",400.87
"542",409.71
"543",404.38
"544",413.19
"545",160.9
"546",406.81
"547",410.84
"548",412.41
"549",407.3
"550",408.44
"551",-998.36
"552",407.59
"553",410.81
"554",409.59
"555",347.45
"556",399.08
"557",411.76
"558",407.81
"559",412.66
"560",407.61
"561",-13.21
"562",401.38
"563",404.8
"564",407.92
"565",404.51
"566",406.03
"567",406.87
"568",404.99
"569",406.91
"570",411.85
"571",403.55
"572",404.9
"573",408.67
"574",404.39
"575",412.96
"576",403.74
"577",408.04
"578",379.85
"579",406.31
"580",409.19
"581",408.21
"582",412.57
"583",408.41
"584",408.87
"585",407.52
"586",410.99
"587",417.74
"588",408.49
"589",407.85
"590",402.89
"591",411.64
"592",401.6
"593",371.67
"594",400.54
"595",400.84
"596",374.4
"597",411.99
"598",405.49
"599",410.56
"600",74.97
"601",411.22
"602",412.08
"603",405.72
"604",417.21
"605",407.49
"606",409.89
"607",411.16
"608",405.07
"609",410.75
"610",396.21
"611",402.45
"612",410.77
"613",394.07
"614",410.71
"615",410.24
"616",412.88
"617",407.69
"618",406.56
"619",413.65
"620",406.15
"621",409.17
"622",404.35
"623",407.04
"624",411.04
"625",405.29
"626",409.4
"627",398.33
"628",408.36
"629",406.9
"630",401.78
"631",402.87
"632",405.14
"633",417.45
"634",400.35
"635",410.76
"636",411.64
"637",404.51
"638",404.94
"639",413.53
"640",414.81
"641",409.42
"642",414.99
"643",414.31
"644",375.71
"645",407.97
"646",401.37
"647",410.45
"648",411.34
"649",410.57
"650",401.86
"651",411.41
"652",409.73
"653",349.1
"654",392.9
"655",397.37
"656",407.06
"657",399.88
"658",409.27
"659",414.89
"660",406.72
"661",409.04
"662",-1880.24
"663",411.11
"664",400.34
"665",406.11
"666",143.96
"667",401.95
"668",407.7
"669",405.51
"670",412.31
"671",405.91
"672",407.02
"673",405.38
"674",401.21
"675",400.46
"676",405.19
"677",402.14
"678",421.55
"679",400.22
"680",405.83
"681",408.09
"682",408.76
"683",393.39
"684",409.73
"685",416.93
"686",402.74
"687",414.88
"688",405.82
"689",406.36
"690",407.67
"691",408.27
"692",408.94
"693",405.4
"694",402.94
"695",407.95
"696",405.19
"697",412.48
"698",402.59
"699",391.31
"700",402.27
"701",409.61
"702",413.92
"703",407.54
"704",390.55
"705",410.99
"706",400.65
"707",405.43
"708",370.55
"709",415.4
"710",405.88
"711",405.66
"712",405.37
"713",406.21
"714",406.41
"715",386.66
"716",411.85
"717",395.63
"718",406.42
"719",362.7
"720",118.07
"721",409.67
"722",-1321.04
"723",408.44
"724",384.52
"725",407.9
"726",407.72
"727",399.93
"728",409.34
"729",412.53
"730",406.66
"731",407.65
"732",409.97
"733",395.92
"734",409.7
"735",404.93
"736",407.54
"737",407.38
"738",403.37
"739",406.9
"740",406.35
"741",414.69
"742",407.24
"743",410.58
"744",395.13
"745",414.87
"746",411.87
"747",410.65
"748",363.48
"749",398.93
"750",414.99
"751",400.85
"752",410.63
"753",411.39
"754",411.13
"755",410.01
"756",412.49
"757",409.02
"758",401.4
"759",414.91
"760",404.71
"761",403.49
"762",396.45
"763",412.95
"764",410.53
"765",401.97
"766",404.92
"767",412.28
"768",408.88
"769",404.37
"770",411.42
"771",410.03
"772",406.5
"773",411.27
"774",381.79
"775",406.39
"776",410.77
"777",406.11
"778",405.54
"779",403.62
"780",397.79
"781",407.32
"782",383.68
"783",406.95
"784",387.13
"785",411.14
"786",412.1
"787",409.44
"788",413.28
"789",411.02
"790",404.85
"791",408.87
"792",408.54
"793",401.43
"794",367.86
"795",412.21
"796",408.83
"797",410.68
"798",400.67
"799",406.07
"800",413.97
"801",396.57
"802",405.55
"803",397.56
"804",405.27
"805",411.08
"806",410.94
"807",411.73
"808",408.01
"809",410
"810",411.65
"811",410.49
"812",407.09
"813",413.78
"814",408.49
"815",403.18
"816",405.88
"817",409.62
"818",408.75
"819",412.08
"820",409.97
"821",411.12
"822",415.2
"823",405.47
"824",408.26
"825",410.31
"826",408.4
"827",379.26
"828",409.04
"829",390.91
"830",409.55
"831",410.83
"832",385.26
"833",404.74
"834",405.98
"835",414.67
"836",412.42
"837",403.54
"838",412.95
"839",412.21
"840",408.38
"841",405.53
"842",412.88
"843",413.36
"844",404.22
"845",409.88
"846",407.7
"847",399.48
"848",406.81
"849",270.38
"850",398.44
"851",398.3
"852",407.6
"853",409.24
"854",416.17
"855",409.31
"856",405.56
"857",387.52
"858",409.79
"859",408.06
"860",398.88
"861",406.79
"862",403.21
"863",409.86
"864",406.99
"865",406.48
"866",406.39
"867",409.94
"868",412.91
"869",404.63
"870",411.71
"871",378.74
"872",411.31
"873",413.13
"874",405.9
"875",405.48
"876",408.68
"877",415.33
"878",387.2
"879",396.56
"880",407.86
"881",398.44
"882",396.4
"883",383.12
"884",416.44
"885",403.46
"886",399.81
"887",410.09
"888",410.49
"889",410.33
"890",403.38
"891",407.13
"892",409.23
"893",405.75
"894",407.14
"895",404.39
"896",411.61
"897",412.35
"898",405.7
"899",406.91
"900",402.29
"901",409.13
"902",408.23
"903",401.08
"904",412.91
"905",407.38
"906",403.89
"907",406.08
"908",407.43
"909",406.25
"910",395.18
"911",404.6
"912",408.27
"913",415.95
"914",407.37
"915",412.93
"916",408.73
"917",406.89
"918",407.24
"919",407.76
"920",411.29
"921",409.26
"922",408.82
"923",411.68
"924",411.05
"925",399.57
"926",409.17
"927",408.15
"928",408.22
"929",405.99
"930",412.9
"931",404.9
"932",400.53
"933",406.68
"934",410.24
"935",413.84
"936",409.13
"937",410.66
"938",291.79
"939",398.87
"940",403.32
"941",407.65
"942",411.02
"943",404.96
"944",405.08
"945",331.24
"946",412.96
"947",408.09
"948",399.69
"949",409.28
"950",411.16
"951",401.94
"952",410.82
"953",390.95
"954",156.23
"955",399.65
"956",406.19
"957",407.38
"958",408.18
"959",413.37
"960",409.36
"961",403.11
"962",412.95
"963",365.15
"964",392.31
"965",418.34
"966",404.97
"967",401.22
"968",366.03
"969",407.5
"970",401.56
"971",397.38
"972",-206.07
"973",410.09
"974",-199.9
"975",398.75
"976",407.82
"977",403.54
"978",407.99
"979",399.23
"980",406.44
"981",101.36
"982",406.65
"983",399.49
"984",408.62
"985",348.17
"986",409.63
"987",400.42
"988",410.38
"989",411.32
"990",409.36
"991",405.54
"992",407.46
"993",413.79
"994",-849.93
"995",410.76
"996",403.62
"997",403.21
"998",409.46
"999",396.84
"1000",410.73
"1001",406.36
"1002",401.38
"1003",402.52
"1004",400.58
"1005",349.15
"1006",399.83
"1007",408.62
"1008",405.31
"1009",406.03
"1010",412.28
"1011",387.7
"1012",392
"1013",408.82
"1014",418.44
"1015",414.21
"1016",391.23
"1017",406.7
"1018",407.36
"1019",377.42
"1020",407.43
"1021",139.26
"1022",405.31
"1023",409.71
"1024",387.61
"1025",410.62
"1026",358.26
"1027",383.68
"1028",402.38
"1029",409.65
"1030",397.82
"1031",407.19
"1032",-1566.64
"1033",88.85
"1034",407.17
"1035",382.58
"1036",409.9
"1037",414.65
"1038",411.93
"1039",406.37
"1040",407.14
"1041",398.16
"1042",409.71
"1043",407.3
"1044",378.49
"1045",401.28
"1046",-865.37
"1047",411.87
"1048",403
"1049",400.16
"1050",406.37
"1051",402.08
"1052",410.5
"1053",401.28
"1054",398.55
"1055",403.14
"1056",386.1
"1057",413.49
"1058",406.67
"1059",403.78
"1060",263.81
"1061",382.39
"1062",404.59
"1063",407.1
"1064",380.88
"1065",394.62
"1066",408.49
"1067",386.35
"1068",405.56
"1069",402.65
"1070",406.6
"1071",117.57
"1072",406.76
"1073",405.09
"1074",416.13
"1075",390.64
"1076",354.44
"1077",398.09
"1078",409.09
"1079",409.98
"1080",406.45
"1081",340.38
"1082",393.53
"1083",407.93
"1084",409.98
"1085",412.73
"1086",405.05
"1087",390.55
"1088",370.32
"1089",411.9
"1090",408.5
"1091",81.1
"1092",-2839.23
"1093",405.65
"1094",410.83
"1095",406.57
"1096",410.16
"1097",406.5
"1098",120.87
"1099",405.83
"1100",405.11
"1101",-603.5
"1102",393.54
"1103",411.32
"1104",410.23
"1105",402.26
"1106",410.55
"1107",405.38
"1108",395.25
"1109",402.94
"1110",322
"1111",407.73
"1112",409.94
"1113",409.2
"1114",405.38
"1115",193.98
"1116",-16.55
"1117",383.94
"1118",410.88
"1119",399.78
"1120",403.97
"1121",383.83
"1122",415.74
"1123",410.19
"1124",407.11
"1125",376.96
"1126",415.71
"1127",404.08
"1128",403.69
"1129",412.15
"1130",408.72
"1131",401.98
"1132",410.8
"1133",409.69
"1134",405.33
"1135",-377.58
"1136",395.85
"1137",401.35
"1138",409.96
"1139",397.65
"1140",400.01
"1141",404.82
"1142",396.19
"1143",392.53
"1144",409.93
"1145",406.74
"1146",402.13
"1147",402.44
"1148",369.96
"1149",294.31
"1150",408.07
"1151",409.99
"1152",411.32
"1153",414.28
"1154",403.6
"1155",372.37
"1156",404.47
"1157",390.71
"1158",380.72
"1159",405.81
"1160",412.3
"1161",409.02
"1162",394.27
"1163",400.91
"1164",408.01
"1165",409.26
"1166",408.12
"1167",411.7
"1168",94.65
"1169",404.01
"1170",409.03
"1171",343.29
"1172",409.86
"1173",402.64
"1174",371.1
"1175",413.32
"1176",416.05
"1177",396.61
"1178",359.09
"1179",419.54
"1180",396.77
"1181",412.73
"1182",381.72
"1183",407.49
"1184",397.81
"1185",404.36
"1186",409.28
"1187",399.13
"1188",392.67
"1189",399.38
"1190",397.63
"1191",414.65
"1192",411.66
"1193",407.84
"1194",391.02
"1195",409.48
"1196",402.09
"1197",-222.67
"1198",402.94
"1199",407.06
"1200",382.72
"1201",408.14
"1202",396.89
"1203",411.57
"1204",387.2
"1205",365.94
"1206",401.66
"1207",390.2
"1208",-134.08
"1209",409.95
"1210",397.06
"1211",403.84
"1212",406.35
"1213",406.26
"1214",148.86
"1215",410.47
"1216",391.52
"1217",8.43
"1218",411.37
"1219",401.56
"1220",407.23
"1221",404.88
"1222",398.92
"1223",357.62
"1224",402.98
"1225",365.39
"1226",104.56
"1227",406.23
"1228",402.3
"1229",415.19
"1230",404.38
"1231",409.15
"1232",401.87
"1233",415.81
"1234",397.67
"1235",406.01
"1236",406.6
"1237",402.86
"1238",408.9
"1239",415.61
"1240",404.26
"1241",413.75
"1242",403.46
"1243",405.46
"1244",399.31
"1245",97.7
"1246",167.55
"1247",378.06
"1248",403.01
"1249",407.52
"1250",282.5
"1251",407.19
"1252",403.7
"1253",363.66
"1254",412.03
"1255",403.89
"1256",403.75
"1257",407.34
"1258",411.78
"1259",404.69
"1260",399.77
"1261",387.7
"1262",409.69
"1263",408.38
"1264",391.08
"1265",367.64
"1266",407.02
"1267",398.73
"1268",405.46
"1269",409.76
"1270",337.7
"1271",409.23
"1272",399.61
"1273",404.81
"1274",401.41
"1275",261.36
"1276",262.94
"1277",362.77
"1278",400.03
"1279",401.8
"1280",401.38
"1281",400.51
"1282",-289.09
"1283",398.04
"1284",412.66
"1285",393.42
"1286",394.29
"1287",413.86
"1288",305.5
"1289",410.37
"1290",409.65
"1291",128.48
"1292",406.6
"1293",383.43
"1294",408.57
"1295",402.12
"1296",341.84
"1297",126.76
"1298",-11.91
"1299",385.34
"1300",401.44
"1301",406.35
"1302",139.72
"1303",397.93
"1304",401.99
"1305",407.02
"1306",409.83
"1307",398.48
"1308",399.94
"1309",396.94
"1310",-531.15
"1311",411.54
"1312",415.7
"1313",407.1
"1314",407.78
"1315",371.23
"1316",383.66
"1317",404.85
"1318",378.16
"1319",399.6
"1320",410.33
"1321",406.91
"1322",404.33
"1323",406.65
"1324",402.97
"1325",401.48
"1326",401.64
"1327",404.38
"1328",414.92
"1329",390.67
"1330",374.56
"1331",393.06
"1332",410.67
"1333",409.9
"1334",413.5
"1335",404.78
"1336",415.02
"1337",402.41
"1338",400.7
"1339",406.35
"1340",408.82
"1341",397.36
"1342",407.03
"1343",401.8
"1344",87.19
"1345",388.64
"1346",405.4
"1347",408.27
"1348",369.71
"1349",406.55
"1350",404.66
"1351",328.99
"1352",-283.11
"1353",-2998.41
"1354",339.88
"1355",339.56
"1356",407
"1357",-121.63
"1358",403.92
"1359",391.5
"1360",402.43
"1361",404.42
"1362",395.91
"1363",412.31
"1364",414.12
"1365",401.62
"1366",391.18
"1367",407.32
"1368",403
"1369",396.04
"1370",410.36
"1371",407.74
"1372",396.44
"1373",400.69
"1374",380.86
"1375",413.99
"1376",402.87
"1377",416
"1378",393.53
"1379",411.18
"1380",411.91
"1381",423.12
"1382",-432.54
"1383",413.99
"1384",410.88
"1385",410.25
"1386",-90.09
"1387",405.56
"1388",401.93
"1389",-258.74
"1390",398.79
"1391",397.31
"1392",401.26
"1393",345.65
"1394",398.18
"1395",413.45
"1396",414.02
"1397",407.31
"1398",402.13
"1399",407.99
"1400",397.54
"1401",405.2
"1402",413.96
"1403",408.02
"1404",398.73
"1405",153.54
"1406",412.38
"1407",405.34
"1408",413.17
"1409",404.81
"1410",405.29
"1411",387.25
"1412",408.92
"1413",410.52
"1414",407.27
"1415",404.03
"1416",405.21
"1417",-0.46
"1418",415.26
"1419",409.59
"1420",391.27
"1421",404.71
"1422",411.84
"1423",390.03
"1424",407.77
"1425",404.82
"1426",402.82
"1427",371.17
"1428",408.14
"1429",410.84
"1430",402.25
"1431",408.19
"1432",390.47
"1433",394.72
"1434",411.02
"1435",402.92
"1436",407.7
"1437",408.42
"1438",410.03
"1439",371.26
"1440",380.14
"1441",394.55
"1442",411.55
"1443",408.86
"1444",405.92
"1445",392.77
"1446",398.64
"1447",250.76
"1448",414.01
"1449",339.06
"1450",408.64
"1451",409.56
"1452",409.32
"1453",384.7
"1454",396.15
"1455",396.66
"1456",401.18
"1457",410.38
"1458",415.37
"1459",410.3
"1460",-489.32
"1461",351.36
"1462",405.6
"1463",408.25
"1464",416.54
"1465",414.6
"1466",406.95
"1467",406.59
"1468",355
"1469",399.47
"1470",381.85
"1471",396.04
"1472",383.34
"1473",403.28
"1474",403.42
"1475",411.47
"1476",408.74
"1477",407.47
"1478",369.3
"1479",163.7
"1480",406.1
"1481",411.56
"1482",-12.6
"1483",402.19
"1484",412.91
"1485",410.79
"1486",349.75
"1487",407.39
"1488",386.71
"1489",406.63
"1490",129.18
"1491",408.21
"1492",407.58
"1493",406.3
"1494",383.43
"1495",408.7
"1496",408.31
"1497",398.86
"1498",407.41
"1499",402.47
"1500",412.21
"1501",387.15
"1502",-1186.5
"1503",406.51
"1504",407.77
"1505",396.98
"1506",418.53
"1507",405.68
"1508",368.11
"1509",379.58
"1510",394.64
"1511",416.37
"1512",403.38
"1513",412.81
"1514",416.02
"1515",409.27
"1516",406.51
"1517",124.28
"1518",405.66
"1519",376.05
"1520",405.65
"1521",404.13
"1522",390.05
"1523",409.47
"1524",398.99
"1525",405.19
"1526",385.52
"1527",403.29
"1528",393.51
"1529",400.08
"1530",368.06
"1531",403.49
"1532",405.77
"1533",414.19
"1534",-886.97
"1535",407.33
"1536",143.79
"1537",407.09
"1538",409.3
"1539",413.56
"1540",406.71
"1541",404.72
"1542",400.22
"1543",402.77
"1544",395.71
"1545",412.44
"1546",-165.78
"1547",391.87
"1548",404.65
"1549",400.59
"1550",396.72
"1551",401.92
"1552",407.36
"1553",372.03
"1554",398.91
"1555",402.39
"1556",407.48
"1557",370.6
"1558",404.29
"1559",403.1
"1560",408.64
"1561",353.43
"1562",403.1
"1563",390.27
"1564",408.02
"1565",406.05
"1566",137.5
"1567",407.4
"1568",163.14
"1569",397.69
"1570",401.68
"1571",404.27
"1572",408.02
"1573",399.79
"1574",-83.31
"1575",406.48
"1576",406.99
"1577",385.66
"1578",386.3
"1579",393.05
"1580",396.47
"1581",407.97
"1582",392.54
"1583",-43.55
"1584",402.37
"1585",404.16
"1586",397.7
"1587",403.14
"1588",404.42
"1589",406
"1590",395.62
"1591",391.51
"1592",403.13
"1593",403.31
"1594",396.19
"1595",406.94
"1596",409.11
"1597",413.63
"1598",393.37
"1599",412.88
"1600",387.55
"1601",403.07
"1602",398.29
"1603",411.08
"1604",274.45
"1605",368.2
"1606",314.5
"1607",49.45
"1608",405.95
"1609",352.31
"1610",-161.55
"1611",401.47
"1612",397.27
"1613",399.18
"1614",395.2
"1615",390.37
"1616",403.16
"1617",-55.3
"1618",351.45
"1619",409.8
"1620",399.24
"1621",407.4
"1622",405.69
"1623",346.83
"1624",-294.92
"1625",409.71
"1626",404.16
"1627",414.01
"1628",409.87
"1629",368.25
"1630",392.05
"1631",71.23
"1632",396.49
"1633",319.97
"1634",415.45
"1635",391.9
"1636",-250.19
"1637",365.34
"1638",410.8
"1639",290.06
"1640",129.58
"1641",393.06
"1642",407.01
"1643",412.33
"1644",-1230.22
"1645",374.74
"1646",170.8
"1647",129.21
"1648",403.07
"1649",409.51
"1650",411.21
"1651",405.59
"1652",-190.8
"1653",410.36
"1654",383.69
"1655",376.39
"1656",403.37
"1657",106.86
"1658",412.26
"1659",403.94
"1660",213.02
"1661",411.71
"1662",-148.84
"1663",408.49
"1664",-122.2
"1665",414.63
"1666",411.55
"1667",402.66
"1668",-109.09
"1669",394.24
"1670",129.53
"1671",401.27
"1672",173.67
"1673",397.95
"1674",340.42
"1675",391.47
"1676",404.65
"1677",398.46
"1678",-68.62
"1679",412.16
"1680",395.37
"1681",409.45
"1682",405.57
"1683",392.94
"1684",27.6
"1685",409.22
"1686",412.12
"1687",410.29
"1688",407.15
"1689",97.82
"1690",400.39
"1691",411.36
"1692",-2859.19
"1693",409.98
"1694",-4324.85
"1695",413.2
"1696",404.21
"1697",408.53
"1698",402.53
"1699",412.26
"1700",407.11
"1701",391.3
"1702",407.15
"1703",-88.49
"1704",409.49
"1705",416.71
"1706",389.32
"1707",37.97
"1708",407.41
"1709",404.22
"1710",403.77
"1711",401.81
"1712",345.27
"1713",397.13
"1714",404.08
"1715",410.23
"1716",360.66
"1717",392.66
"1718",411.84
"1719",403.32
"1720",408.7
"1721",77.4
"1722",395.81
"1723",356.19
"1724",409.55
"1725",364.01
"1726",404.29
"1727",395.57
"1728",391.37
"1729",251.18
"1730",383.84
"1731",368.26
"1732",384.85
"1733",405.53
"1734",402.65
"1735",397.37
"1736",357.76
"1737",395.2
"1738",-396.14
"1739",406.82
"1740",206.05
"1741",408.98
"1742",97.83
"1743",385.82
"1744",409.2
"1745",415.32
"1746",342.25
"1747",392.3
"1748",122.66
"1749",408.09
"1750",395.36
"1751",395.61
"1752",400.38
"1753",402.77
"1754",-342.29
"1755",103.97
"1756",403.92
"1757",406.99
"1758",414.68
"1759",409.04
"1760",390.83
"1761",397.78
"1762",398.88
"1763",412.37
"1764",-174.72
"1765",31.64
"1766",406.6
"1767",167.51
"1768",371.64
"1769",111.29
"1770",394.77
"1771",167.02
"1772",396.83
"1773",407.71
"1774",399.56
"1775",403.82
"1776",399.08
"1777",404.87
"1778",117.59
"1779",384.33
"1780",396.06
"1781",401.32
"1782",392.78
"1783",407.55
"1784",51.53
"1785",351.54
"1786",386.96
"1787",142.35
"1788",408.97
"1789",347.12
"1790",395.25
"1791",408.56
"1792",407.86
"1793",404.32
"1794",395.49
"1795",396.18
"1796",410.71
"1797",405.25
"1798",390.5
"1799",405.99
"1800",407.97
"1801",403.59
"1802",58.12
"1803",381.24
"1804",-66.89
"1805",298.49
"1806",377.85
"1807",372.69
"1808",376.47
"1809",403
"1810",415.19
"1811",163.06
"1812",108.2
"1813",393.23
"1814",407.52
"1815",390.05
"1816",412.43
"1817",228.87
"1818",416.77
"1819",401.4
"1820",409.51
"1821",409.08
"1822",397.93
"1823",402.97
"1824",332.11
"1825",410.38
"1826",399.83
"1827",383.53
"1828",402.33
"1829",408.01
"1830",405.88
"1831",362.93
"1832",405.37
"1833",401.58
"1834",124.62
"1835",404.53
"1836",-543.9
"1837",350.67
"1838",408.34
"1839",408.01
"1840",407
"1841",383.05
"1842",153.57
"1843",410.13
"1844",383.6
"1845",409.56
"1846",390.05
"1847",402.91
"1848",159.59
"1849",414.58
"1850",242.85
"1851",397.24
"1852",388.62
"1853",397.58
"1854",384.47
"1855",403.53
"1856",-214.36
"1857",406.3
"1858",387.37
"1859",376.32
"1860",412.75
"1861",127.24
"1862",413.54
"1863",410.08
"1864",404.4
"1865",412.16
"1866",394.38
"1867",402.5
"1868",414.72
"1869",409.97
"1870",410.25
"1871",352.22
"1872",384.76
"1873",79.75
"1874",329.07
"1875",399.7
"1876",23.68
"1877",395.83
"1878",334.44
"1879",402.56
"1880",405.41
"1881",398.79
"1882",406.13
"1883",411.48
"1884",404.12
"1885",409.18
"1886",378.84
"1887",405.92
"1888",412.67
"1889",321.76
"1890",406.91
"1891",349.34
"1892",402.01
"1893",367.99
"1894",402.09
"1895",389.59
"1896",413.08
"1897",401.1
"1898",410.51
"1899",103.1
"1900",410.32
"1901",404.43
"1902",390.56
"1903",383.87
"1904",410.52
"1905",66.8
"1906",412.47
"1907",407.62
"1908",404.05
"1909",-150.78
"1910",403.9
"1911",411.38
"1912",395.56
"1913",218.64
"1914",338.54
"1915",403.01
"1916",405.22
"1917",402.58
"1918",252.3
"1919",409.26
"1920",148.35
"1921",409.71
"1922",411.38
"1923",408.83
"1924",408.14
"1925",407.71
"1926",409.56
"1927",394.37
"1928",395.04
"1929",404.63
"1930",414.61
"1931",362.72
"1932",411.29
"1933",340.39
"1934",405.08
"1935",410.96
"1936",401.35
"1937",408.79
"1938",396.15
"1939",399.02
"1940",-15.11
"1941",400.6
"1942",402.66
"1943",326.71
"1944",405.57
"1945",313.35
"1946",407.92
"1947",-65.41
"1948",400.79
"1949",404.4
"1950",407.46
"1951",397.71
"1952",413.22
"1953",376.55
"1954",384.47
"1955",87.86
"1956",404.36
"1957",393.63
"1958",407.86
"1959",363.81
"1960",403.86
"1961",407.68
"1962",408.77
"1963",402.08
"1964",107.95
"1965",405.04
"1966",-3135.45
"1967",398.61
"1968",199.62
"1969",414.38
"1970",407.86
"1971",396.81
"1972",336.73
"1973",355.26
"1974",402.99
"1975",408.67
"1976",373.3
"1977",408.45
"1978",-298.01
"1979",402.1
"1980",407.48
"1981",383
"1982",406.59
"1983",405.89
"1984",406.54
"1985",408.04
"1986",398.52
"1987",377.03
"1988",414.3
"1989",402.95
"1990",374.4
"1991",399.21
"1992",403.24
"1993",371.31
"1994",411.55
"1995",288.41
"1996",395.88
"1997",369.77
"1998",164.61
"1999",395.85
"2000",404.95
